-1.1969224,-0.1810976,100.3398488
-0.9401368,2.8065469,100.1751618
-0.6833489,5.7941629,100.1751618
-0.4265555,8.7818074,100.0911303
-0.1697624,11.7694222,100.0069878
0.0870355,14.7570666,99.9209485
0.3438328,17.7446808,99.8349042
0.6006351,20.7323252,99.7469155
0.857437,23.7199386,99.6589192
1.114244,26.7075829,99.5689293
1.3710509,29.6951956,99.4789292
1.6278631,32.6828397,99.3868845
1.8846754,35.6704517,99.2948271
2.1414933,38.6580955,99.2006722
2.3983114,41.6457068,99.106502
2.6551354,44.6333502,99.0101797
2.9119599,47.6209608,98.9138393
3.1687906,50.6086038,98.8152903
3.4256221,53.5962136,98.7167203
3.6824601,56.5838561,98.6158832
3.939299,59.5714652,98.5150223
4.1961449,62.5591071,98.4118335
4.452992,65.5467153,98.308618
4.7098464,68.5343565,98.2030116
4.9667024,71.521964,98.0973756
5.223566,74.5096044,97.9892833
5.4804317,77.497211,97.8811584
5.7373053,80.4848505,97.7705092
5.9941815,83.4724563,97.6598246
6.251066,86.4600946,97.5465452
6.5079534,89.4476997,97.4332273
6.7648497,92.4353368,97.3172413
7.0217494,95.422941,97.2012137
7.2786584,98.4105767,97.0824419
7.5355714,101.3981801,96.9636254
7.7924941,104.3858142,96.8419853
8.0494216,107.3734167,96.7202976
8.3063592,110.3610491,96.5957037
8.5633022,113.3486507,96.4710591
8.820256,116.3362811,96.3434224
9.0772159,119.3238819,96.2157317
9.3341871,122.3115102,96.0849595
9.5911652,125.29911,95.9541302
9.8481553,128.286736,95.820126
10.1051531,131.2743347,95.6860614
10.3621636,134.2619582,95.5487247
10.6191829,137.2495559,95.4113243
10.8762154,140.2371765,95.2705502
11.1332578,143.2247731,95.1297091
11.3903142,146.2123908,94.9853883
11.6473815,149.1999862,94.8409972
11.9044638,152.1876005,94.6930155
12.1615582,155.1751947,94.5449601
12.4186684,158.1628055,94.3931984
12.6757921,161.1503983,94.2413594
12.9329325,164.1380047,94.0856929
13.1900879,167.1255965,93.9299456
13.4472608,170.1132004,93.7702439
13.7044478,173.1007893,93.6104577
13.9616472,176.088383,93.4465834
14.2188469,179.0759782,93.2826208
14.4760363,182.0635553,93.1144317
14.7332302,185.0511682,92.9461504
14.9904356,188.0387379,92.7734973
15.2476654,191.0263544,92.6007478
15.5049137,194.0139217,92.4234724
15.76219,197.0015329,92.2460957
16.0194873,199.9890954,92.0640321
16.2768148,202.9767029,91.8818619
16.5341654,205.9642609,91.6948361
16.7915484,208.9518634,91.5076976
17.0489568,211.9394166,91.3155261
17.3064001,214.9270138,91.1232353
17.5638716,217.914562,90.925725
17.8213806,220.9021531,90.7280877
18.0789206,223.8896959,90.5250348
18.336501,226.8772804,90.3218465
18.5941156,229.8648173,90.1130357
18.8517738,232.8523945,89.9040802
19.1094699,235.8399252,89.6892838
19.3672129,238.8274943,89.4743325
19.6249977,241.8150182,89.2533096
19.8828333,244.8025784,89.0321205
20.1407149,247.7900949,88.8046157
20.3986515,250.7776455,88.5769322
20.6566388,253.7651539,88.3426743
20.9146857,256.7526939,88.108224
21.1727884,259.7401935,87.866925
21.4309558,262.727722,87.6254183
21.6891849,265.7152118,87.3767714
21.9474841,268.7027277,87.1279002
22.2058511,271.6902069,86.8715783
22.4642946,274.6777091,86.6150139
22.7228128,277.6651764,86.3506679
22.9814142,280.6526637,86.0860592
23.240098,283.6401179,85.8133155
23.4988726,286.627589,85.5402871
23.7577379,289.6150287,85.2587454
24.0167024,292.6024821,84.9768947
24.2757669,295.5899058,84.6861252
24.5349398,298.5773399,84.3950202
24.7942231,301.5647457,84.0945603
25.0536251,304.5521588,83.7937359
25.3131488,307.5395449,83.4830871
25.5728029,310.5269349,83.1720417
25.8325913,313.5142992,82.8506651
26.0925231,316.5016639,82.5288568
26.3526033,319.4890038,82.1961687
26.6128415,322.4763408,81.8630101
26.8732439,325.4636536,81.5183764
27.1338206,328.4509602,81.1732296
27.3945792,331.4382428,80.8159599
27.6555304,334.4255158,80.4581299
27.9166828,337.4127646,80.0874698
28.1780479,340.4000008,79.7161974
28.4396355,343.3872127,79.3313204
28.7014576,346.3744077,78.9457732
28.9635258,349.3615763,78.5457708
29.2258562,352.3487276,78.1450341
29.4884674,355.3358559,77.7289057
29.751389,358.3229492,77.3119715
30.0146538,361.3100358,76.878604
30.2782676,364.2970527,76.4443507
30.542246,367.2840785,75.9925066
30.806605,370.2710259,75.5396875
31.07138,373.2579766,75.0679883
31.3365934,376.2448524,74.5952151
31.6022781,379.2317206,74.1021094
31.8684418,382.2185137,73.6078188
32.1350929,385.2052934,73.0915523
32.4021967,388.1920049,72.5739756
32.6697114,391.1787052,72.0325539
32.9375508,394.165353,71.4896799
33.2056262,397.1520008,70.9208238
33.4738383,400.1386174,70.3503526
33.7421042,403.1252459,69.7646996
34.0103836,406.1118586,69.1780843
34.2786596,409.0984841,68.5876367
34.5469307,412.0850996,67.9969416
34.8152037,415.0717234,67.4021585
35.0834771,418.0583408,66.8071067
35.3517507,421.0449626,66.2076921
35.6200237,424.0315819,65.6079855
35.8882968,427.0182018,65.0036197
36.1565702,430.004823,64.3989368
36.4248433,432.9914411,63.7892742
36.6931169,435.9780641,63.1792669
36.9613899,438.9646804,62.5639325
37.2296638,441.9513051,61.9482232
37.4979369,444.9379197,61.3268094
37.7662111,447.9245462,60.7049873
38.0344842,450.911159,60.0770493
38.3027587,453.8977872,59.4486664
38.5710319,456.8843982,58.8137175
38.8393068,459.8710281,58.178283
39.10758,462.8576375,57.5357889
39.3758553,465.844269,56.8927637
39.6441286,468.8308767,56.2421355
39.9124042,471.8175099,55.5909254
40.1806776,474.8041158,54.9315113
40.4489535,477.7907507,54.2714583
40.7172268,480.7773549,53.6025342
40.9855031,483.7639915,52.9329069
41.2537763,486.7505939,52.2536642
41.5220527,489.7372322,51.5736453
41.7903257,492.7238329,50.8831768
42.0586022,495.7104729,50.1918488
42.3268749,498.6970719,49.4891306
42.5951513,501.6837137,48.7854573
42.8634235,504.6703109,48.0693269
43.1316996,507.6569545,47.3521311
43.3999711,510.6435498,46.6212599
43.6682468,513.6301954,45.8891948
43.9365174,516.616789,45.1420523
44.2047924,519.6034364,44.3935655
44.4730617,522.5900273,43.6283745
44.7413357,525.5766773,42.8616612
45.0096033,528.56327,42.0763362
45.2778697,531.5499202,41.2892763
45.546113,534.5364982,40.4813379
45.8143182,537.523166,39.6714074
46.0824494,540.5098181,38.8378636
46.3505274,543.496454,38.0020115
46.6186046,546.4832856,37.1390757
46.8866489,549.4697693,36.2734252
47.1547446,552.4567698,35.3763472
47.4227689,555.4430859,34.4760517
47.6908511,558.4302595,33.5388469
47.9588837,561.4164041,32.5978208
48.2270903,564.4037184,31.6127488
48.4949597,567.3897163,30.6231396
48.7629873,570.3772531,29.5799409
49.0344169,573.3627303,28.5313747
49.3148022,576.3491939,27.4574581
49.6121142,579.3320848,26.3811487
49.936683,582.3126451,25.3040723
50.3024852,585.2890391,24.2269306
50.7238807,588.2498831,23.1942671
51.2226383,591.2133951,22.1648981
51.8126393,594.1406919,21.2546004
52.5312823,597.0630634,20.3530851
53.3815862,599.9003421,19.6274824
54.3705828,602.7552333,18.9216835
55.4643874,605.6188095,18.2323223
56.6382385,608.3757797,17.5469494
58.0498944,611.171011,16.7996577
59.6008366,613.5491968,16.0223181
61.6391384,615.680744,15.7515365
63.9598357,617.3994829,15.7816169
66.6258363,618.9502287,16.0378273
69.3440514,620.1229887,16.4222297
72.2801229,620.9830447,16.8264426
75.2560079,621.466583,17.0090561
78.2463486,621.7323771,17.1633018
81.2917724,621.9781369,16.172697
84.2139141,622.3816057,14.9146847
87.1285803,623.162598,14.3583423
89.8517382,624.3418844,13.919325
92.4939338,625.9681785,13.5456273
94.7630491,627.7975776,13.5360007
96.6141429,630.0722856,14.0811641
97.8570314,632.6089683,14.5747464
98.8011353,635.6004504,15.053956
99.4015149,638.5423135,15.5063598
99.7887249,641.5835322,15.9848024
99.9508749,644.5939068,16.550525
99.8802015,647.5556144,17.140545
99.5839804,650.5430667,17.8606733
99.1078372,653.4998559,18.6023909
98.4966905,656.4391982,19.4928313
97.7996467,659.350431,20.3956984
97.0542621,662.2566417,21.3934498
96.2882328,665.1541268,22.3902419
95.5176105,668.0534153,23.3795044
94.7474485,670.9498079,24.3636525
93.9771902,673.8483256,25.3088883
93.2074195,676.7458651,26.2498484
92.4375261,679.6439262,27.1601096
91.6680207,682.5419831,28.0666786
90.8993991,685.4396321,28.9483836
90.1312875,688.3388969,29.8269047
89.3644346,691.2368428,30.6850274
88.5975108,694.1368495,31.5405684
87.831454,697.035373,32.3798927
87.0667506,699.9356286,33.2159295
86.3055143,702.8357641,34.0311976
85.5490328,705.7377971,34.8434461
84.7992564,708.6412131,35.6362369
84.0577082,711.5468014,36.4262694
83.3259645,714.4551068,37.1980799
82.6058277,717.365766,37.9672398
81.8986134,720.2803969,38.7185203
81.2063834,723.1975457,39.4671725
80.5302583,726.1197808,40.1979578
79.8725613,729.0446646,40.9259953
79.2343219,731.975604,41.6356021
78.6180997,734.9093049,42.3420748
78.0248432,737.8498294,43.0283639
77.457,740.7931231,43.7112235
76.9151323,743.7436323,44.3735104
76.4010024,746.6966958,45.0331146
75.9144099,749.6568411,45.678172
75.4561511,752.6190488,46.3224703
75.0252543,755.5876887,46.963145
74.6217096,758.5579428,47.6050995
74.2441111,761.5336987,48.2523195
73.8919309,764.5105083,48.9022064
73.5639315,767.4916684,49.5614218
73.260219,770.4738292,50.2238102
72.9799994,773.4590233,50.8955643
72.7220751,776.4462047,51.5704406
72.4851556,779.4347978,52.2531489
72.2679662,782.4259262,52.9389096
72.0696977,785.417287,53.6313282
71.8895672,788.4110159,54.3267922
71.7271245,791.4045598,55.0281922
71.5816545,794.4002451,55.7326865
71.4527165,797.3954937,56.4427218
71.3396768,800.3926267,57.1559519
71.2421083,803.3891468,57.8745848
71.1594288,806.3872827,58.5965408
71.0912002,809.3847007,59.3239441
71.0368778,812.383481,60.0548279
70.9960057,815.381481,60.7913761
70.9680617,818.3805964,61.5315871
70.9525715,821.3789226,62.2778412
70.9490352,824.3781131,63.0279138
70.956983,827.3765687,63.7844831
70.9759697,830.3756142,64.5448491
71.0055979,833.3740515,65.3119622
71.0455656,836.3727733,66.0823976
71.0956805,839.3710835,66.8590491
71.1559428,842.3692966,67.6377825
71.2265313,845.3673403,68.4206279
71.3078759,848.364881,69.2034787
71.400628,851.3624982,69.9863405
71.5056554,854.3590575,70.7669579
71.6236884,857.3558685,71.5427072
71.7549202,860.3509362,72.3149857
71.8995907,863.3462552,73.0795183
72.0576214,866.3400628,73.8406138
72.2290838,869.3336792,74.5939263
72.4139795,872.3265597,75.3330492
72.6115746,875.3185456,76.0396752
72.8199181,878.3101241,76.7131508
73.0364823,881.3008024,77.3095204
73.2581753,884.2914039,77.8625844
73.4820566,887.2815874,78.3128844
73.705786,890.2720266,78.7165775
73.9281335,893.2623555,79.0069629
74.1499064,896.2528763,79.2533363
74.3734928,899.2431291,79.3897693
74.6038409,902.2329736,79.4917882
74.8460492,905.2217835,79.5052939
75.1051063,908.2092534,79.4990437
75.3849993,911.1947721,79.4403867
75.6879935,914.1781068,79.380778
76.0156965,917.1587728,79.3185614
76.3689162,920.136572,79.2677166
76.7481907,923.1111483,79.2490996
77.153762,926.0822409,79.2347435
77.5858066,929.0496483,79.2328841
78.0443929,932.0129801,79.2330919
78.5296127,934.9721945,79.2395717
79.0414304,937.9267437,79.2473694
79.5799014,940.8767378,79.2592975
80.144914,943.8215485,79.2722136
80.7366009,946.761323,79.2883206
81.3551451,949.695398,79.3052024
82.0007456,952.6238738,79.3246573
82.6730918,955.5460612,79.3447154
83.3720865,958.4623287,79.3668278
84.0973423,961.3717292,79.3894017
84.8489256,964.2749356,79.4135796
85.6265262,967.1707307,79.438107
86.4303803,970.0599412,79.4638649
87.2601025,972.9411925,79.4898875
88.1159714,975.8154579,79.5168464
88.9975375,978.6812341,79.5440077
89.9051356,981.5396109,79.5718825
90.8382535,984.3889907,79.5999149
91.79727,987.230543,79.6284959
92.7816206,990.0626143,79.6572031
93.7917196,992.8864141,79.6863387
94.8269622,995.7002744,79.7155782
95.8877846,998.5054026,79.7451588
96.973557,1001.3001587,79.7748278
98.0847218,1004.0857062,79.8047738
99.2206417,1006.8604742,79.834797
100.3817474,1009.6255418,79.8650496
101.5674142,1012.3794472,79.8953711
102.778042,1015.1231478,79.9258854
104.0130355,1017.8553221,79.9564625
105.2727472,1020.5767769,79.9872036
106.5566369,1023.2863651,80.0180028
107.8649878,1025.984714,80.0489429
109.1973139,1028.6708585,80.0799375
110.5538443,1031.3452336,80.1110543
111.9342329,1034.0070198,80.1422221
113.338654,1036.6564542,80.1734956
114.7668416,1039.2930001,80.2048156
116.2187581,1041.916664,80.2362244
117.6941582,1044.5272079,80.2676736
119.1928528,1047.124432,80.2991938
120.7147426,1049.7081762,80.330743
122.2596596,1052.2781692,80.3623396
123.8275117,1054.8342863,80.3939473
125.418117,1057.3762597,80.4255719
127.0313839,1059.9039687,80.4571922
128.6671228,1062.4171424,80.4888065
130.3252389,1064.9156614,80.5204282
132.0055463,1067.3992659,80.5520597
133.7079473,1069.8678245,80.5837704
135.4322686,1072.3210839,80.6155786
137.1784173,1074.7588929,80.6475646
138.9462299,1077.1810079,80.6797556
140.7355986,1079.5872718,80.7118848
142.5463443,1081.9774664,80.7439472
144.3783202,1084.3514524,80.7758179
146.23133,1086.7090354,80.8074941
148.1052193,1089.0500816,80.8392129
149.9997935,1091.3743955,80.8709723
151.9149113,1093.6818374,80.9028883
153.8503825,1095.9722029,80.9349446
155.8060836,1098.2453631,80.9671541
157.7818047,1100.5010964,80.9994927
159.7774292,1102.739291,81.0319405
161.792771,1104.9596788,81.0644745
163.8277279,1107.1620296,81.0970771
165.8822051,1109.3462336,81.1297303
167.9558764,1111.5120387,81.1624249
170.0487589,1113.659547,81.195148
172.1603817,1115.7883496,81.2278995
174.2908835,1117.8986192,81.2606695
176.4397159,1119.9898181,81.2934633
178.6071474,1122.0622139,81.3262716
180.7925022,1124.1151707,81.359102
182.9961731,1126.149065,81.3919449
185.2173571,1128.1631637,81.4248079
187.4565629,1130.1579353,81.4576819
189.7128734,1132.1325714,81.4905735
191.9868973,1134.0876129,81.5234742
194.2776227,1136.0221992,81.5563895
196.5857337,1137.936918,81.5893122
198.9101509,1139.8308842,81.6222466
201.2516047,1141.7047048,81.6551867
203.6089791,1143.5574989,81.6881362
205.983018,1145.3898648,81.7210903
208.3726029,1147.2009527,81.7540525
210.7784574,1148.9913271,81.7870185
213.199494,1150.7601938,81.8199924
215.6363839,1152.5080603,81.8529701
218.0881014,1154.2342067,81.8859563
220.5552368,1155.9390693,81.9189467
223.0368535,1157.6220211,81.9519458
225.5334362,1159.2834055,81.9849493
228.0441617,1160.922688,82.0179581
230.5693621,1162.5401747,82.0509697
233.1082686,1164.1355041,82.0839739
235.6611247,1165.708916,82.1169742
238.2273014,1167.2600691,82.1499383
240.8069965,1168.7890305,82.1828824
243.3997659,1170.2954209,82.2157486
246.0056451,1171.7792464,82.2485701
248.6242458,1173.2403403,82.2907115
251.2554442,1174.6787188,82.3384837
253.8989359,1176.0943224,82.4062299
256.5544895,1177.4871723,82.4866831
259.2218494,1178.8573077,82.5934896
261.9007,1180.2047651,82.7179651
264.5908286,1181.5296545,82.8715258
267.29187,1182.8320302,83.0456374
270.0036379,1184.1120483,83.2485725
272.7257464,1185.3697789,83.4729523
275.4580246,1186.6053996,83.7235585
278.2000918,1187.8189927,83.9946807
280.9517805,1189.0107366,84.2877323
283.7127369,1190.180719,84.5987853
286.4827892,1191.3290978,84.926388
289.2616264,1192.4559576,85.2682148
292.0490656,1193.5614217,85.6206511
294.8448469,1194.6455675,85.9826118
297.6487693,1195.7084808,86.349083
300.4606272,1196.7502263,86.7197737
303.2802035,1197.7708463,87.0890637
306.1073409,1198.7703883,87.4569915
308.9417954,1199.748852,87.8180681
311.7834782,1200.7062399,88.1722263
314.632208,1201.6424685,88.5147552
317.487875,1202.5573844,88.8451048
320.3503598,1203.4507422,89.1599176
323.2194858,1204.322487,89.4578597
326.0949807,1205.1727571,89.7373148
328.9767598,1206.001629,89.9959689
331.8645915,1206.8090005,90.2342975
334.758415,1207.5948014,90.4489313
337.6580469,1208.3589142,90.6426463
340.5633234,1209.1012246,90.8110608
343.4741498,1209.8216321,90.9592901
346.3902969,1210.5200065,91.0821327
349.3117236,1211.1962669,91.1869175
352.2381377,1211.8502814,91.2680188
355.1695383,1212.4819932,91.3346135
358.1055929,1213.0912843,91.3813081
361.0463152,1213.678124,91.4184257
363.9913534,1214.2424334,91.4417626
366.9407069,1214.7842348,91.4615872
369.8940288,1215.3035206,91.4760975
372.8512774,1215.8003821,91.4842911
375.8121382,1216.2749101,91.4824148
378.7765016,1216.727291,91.4692656
381.7441099,1217.157769,91.4371587
384.7147566,1217.5667083,91.3884169
387.6882633,1217.9545811,91.310153
390.6643047,1218.3219829,91.2120414
393.6428178,1218.6696231,91.0767788
396.6233576,1218.9982729,90.9257967
399.6060119,1219.3088281,90.7438329
402.5901868,1219.602201,90.5586529
405.5761636,1219.8794805,90.3668178
408.5631407,1220.1417837,90.1719687
411.5516396,1220.3903556,89.9706012
414.5407702,1220.6263188,89.7664611
417.5311557,1220.8509179,89.5560886
420.5219395,1221.0652794,89.3431928
423.5137035,1221.2705946,89.1244326
426.5056726,1221.4678873,88.9033516
429.4984179,1221.6581885,88.6767214
432.4912364,1221.8423118,88.4478921
435.4846802,1222.0210607,88.2136775
438.4781208,1222.1950333,87.9773086
441.4720704,1222.3648215,87.7355591
444.4659784,1222.530849,87.4916446
447.460305,1222.6935448,87.2422369
450.4545768,1222.8532147,86.9906187
453.4491921,1223.0101792,86.7333208
456.4437536,1223.1646731,86.4737447
459.4385938,1223.3169507,86.2082572
462.4333888,1223.4672068,85.9404085
465.4284037,1223.6156549,85.6663866
468.4233873,1223.7624667,85.389908
471.4185357,1223.9078277,85.1069698
474.4136699,1224.0518931,84.8214686
477.408916,1224.1948268,84.5291975
480.4041693,1224.3367719,84.2342467
483.3994814,1224.4778721,83.9321901
486.3948285,1224.6182563,83.6273268
489.3901802,1224.7580646,83.3149923
492.3855867,1224.8974643,82.9997139
495.3809315,1225.0366519,82.6765649
498.376382,1225.1758991,82.350328
501.3716987,1225.3153471,82.0157895
504.3671812,1225.4549459,81.6780083
507.3624966,1225.5946511,81.3314417
510.3579671,1225.7345565,80.9814679
513.3532746,1225.8747394,80.6221682
516.348698,1226.0153086,80.2592887
519.343981,1226.1563494,79.8864887
522.3393411,1226.2979709,79.5099248
525.3345821,1226.4402643,79.1227832
528.3298561,1226.5833391,78.7316797
531.325036,1226.7272954,78.3292712
534.3202015,1226.87225,77.9226859
537.3152984,1227.0183211,77.5039906
540.3103288,1227.1656426,77.0808827
543.3053154,1227.3143604,76.6447727
546.3001786,1227.464634,76.203988
549.2950198,1227.6166412,75.7492096
552.2896765,1227.7705603,75.2894596
555.2843297,1227.9265815,74.814605
558.2787379,1228.084858,74.3344348
561.2731599,1228.2455285,73.8378984
564.2672908,1228.4086239,73.3356424
567.2614602,1228.5741218,72.815577
570.2553222,1228.7418065,72.2893251
573.2492646,1228.9114061,71.7436387
576.2429339,1229.0824502,71.1912357
579.2367462,1229.2544945,70.6176021
582.2303168,1229.42705,70.0407756
585.2240819,1229.5997585,69.4538226
588.2176308,1229.7723792,68.8658733
591.2113691,1229.9448258,68.274763
594.2049748,1230.1171446,67.6825931
597.1987009,1230.2894178,67.0870682
600.1923556,1230.4616667,66.4904076
603.1860759,1230.633918,65.8901628
606.1797373,1230.8061657,65.2887
609.1734492,1230.9784152,64.6834089
612.1671186,1231.150662,64.0768115
615.1608228,1231.3229109,63.4661275
618.1545011,1231.4951585,62.85404
621.1481984,1231.6674076,62.2375853
624.1418837,1231.8396565,61.619621
627.1355746,1232.0119063,60.9969843
630.1292668,1232.1841569,60.3727215
633.122952,1232.3564079,59.7434531
636.11665,1232.5286604,59.1124308
639.1103302,1232.7009127,58.4760379
642.1040336,1232.8731672,57.8377505
645.0977091,1233.0454208,57.1936908
648.0914173,1233.2176771,56.5475818
651.0850888,1233.3899321,55.8952568
654.0788013,1233.5621901,55.2407114
657.0724692,1233.7344462,54.5794577
660.0661854,1233.9067056,53.915794
663.0598503,1234.0789626,53.2448733
666.0535698,1234.2512231,52.5713316
669.0472319,1234.4234806,51.8899181
672.0409545,1234.5957419,51.2056482
675.0346142,1234.7679998,50.5128138
678.0283394,1234.9402614,49.8168587
681.021997,1235.1125192,49.1115543
684.0157245,1235.2847809,48.4028312
687.0093804,1235.4570383,47.6838637
690.00311,1235.6292997,46.961139
692.9967642,1235.8015564,46.227142
695.9904957,1235.9738172,45.4890008
698.9841486,1236.1460729,44.7383976
701.9778818,1236.3183327,43.983204
704.9715334,1236.4905873,43.2141594
707.9652682,1236.662846,42.4400054
710.9589186,1236.8350991,41.6503626
713.9526548,1237.0073565,40.8550001
716.946304,1237.1796082,40.0421965
719.9400418,1237.3518643,39.2229464
722.9336905,1237.5241145,38.3838985
725.9274286,1237.6963692,37.5375258
728.9210747,1237.8686179,36.6684684
731.9148172,1238.0408713,35.7910068
734.908467,1238.2131187,34.8872631
737.902201,1238.3853717,33.9737609
740.8958348,1238.5576191,33.0293992
743.8895992,1238.729869,32.0735395
746.8832772,1238.9020994,31.08086
749.8769614,1239.0743019,30.0743723
752.8704795,1239.2470153,29.0230381
755.864206,1239.4219699,27.9606177
758.8574341,1239.6041319,26.8616306
761.8489369,1239.8048882,25.7706565
764.8375145,1240.0379318,24.7066029
767.8216089,1240.319981,23.6741626
770.7942951,1240.6732819,22.7502557
773.7616819,1241.1336597,21.8800957
776.6983595,1241.725705,21.210452
779.6067625,1242.465275,20.5359756
782.4590028,1243.355586,19.838499
785.2886278,1244.406186,19.153115
788.0865794,1245.6152576,18.5574186
790.7368378,1246.951341,17.9927072
793.4058703,1248.575964,17.7919192
795.6654068,1250.3246112,17.69792
797.6571634,1252.5179862,17.8038451
799.2530392,1254.9029161,18.1566772
800.7829897,1257.6390401,18.5382088
802.1120684,1260.3227698,18.9542999
803.3976403,1263.0270462,19.4822471
804.6660395,1265.6556566,20.5807796
806.0154712,1268.4222667,21.5514585
807.3467748,1271.1024494,21.6476204
808.7817454,1273.7735846,21.7437824
810.4891919,1276.4843771,21.6610445
812.2426086,1278.7542214,21.5312939
814.3732234,1280.851233,21.8216597
816.6043784,1282.5954286,22.2317606
819.0497648,1284.3537355,22.6708927
821.5437698,1285.9421252,23.135909
824.2240228,1287.4576617,23.6086036
826.9202437,1288.8164662,24.0656282
829.658509,1290.0659632,24.5192867
832.4430401,1291.2343545,24.9351469
835.2345929,1292.2987239,25.3366861
838.0734882,1293.2554982,25.7395323
840.9458592,1294.1036227,26.1430216
843.8455167,1294.8616748,26.7050478
846.7602377,1295.5580903,27.3505801
849.6819486,1296.2286974,28.1508922
852.6059054,1296.892557,29.031758
855.5300155,1297.5571047,29.8990923
858.4529119,1298.2256786,30.7596145
861.374739,1298.8995142,31.5961686
864.2946866,1299.5817131,32.4211614
867.2116721,1300.276456,33.2188711
870.1251792,1300.9858606,34.004024
873.0348036,1301.7106214,34.7773972
875.9407323,1302.4506929,35.5456061
878.842705,1303.2053783,36.3094829
881.7412672,1303.973989,37.0715503
884.636099,1304.7554979,37.8322979
887.5279457,1305.5491737,38.5925196
890.4163657,1306.353977,39.3526257
893.3022195,1307.1693071,40.1126876
896.1849437,1307.9942159,40.8731417
899.0654717,1308.8282624,41.6337395
901.9431502,1309.6705994,42.3951028
904.8189367,1310.520908,43.1567369
907.6921086,1311.3784131,43.9195326
910.5636745,1312.2429043,44.6827273
913.4329004,1313.1136598,45.4475014
916.3007711,1313.9903399,46.2128053
919.1667731,1314.8721101,46.9802928
922.0314988,1315.7587371,47.7485007
924.8946354,1316.6498392,48.5197376
927.7565651,1317.5452042,49.2919618
930.6171201,1318.4444306,50.0679865
933.4766833,1319.3473438,50.8452381
936.3350139,1320.2536511,51.6259779
939.1923314,1321.1636331,52.4078355
942.0482094,1322.0776788,53.1895813
944.9024965,1322.99709,53.9712914
947.7544022,1323.9234644,54.7438779
950.6033668,1324.8592094,55.5135653
953.4482415,1325.8068551,56.2613771
956.2885094,1326.7687013,57.0022484
959.1231081,1327.7464833,57.7139174
961.9521399,1328.7410032,58.416318
964.7750596,1329.7519686,59.0457134
967.5928685,1330.7779509,59.6518687
970.4059535,1331.8162228,60.0894132
973.2162161,1332.8626263,60.4729256
976.0253474,1333.911914,60.6449335
978.8353311,1334.9588036,60.748478
981.6481564,1335.99819,60.641326
984.4648458,1337.0267147,60.46519
987.2862685,1338.0423163,60.1152909
990.1122755,1339.045002,59.7078951
992.9423751,1340.0360435,59.2044876
995.7757522,1341.0178303,58.6690069
998.6112927,1341.9932091,58.0818033
1001.4482794,1342.9645696,57.4771577
1004.2859187,1343.9338561,56.8454028
1007.1239285,1344.9022255,56.2044139
1009.9619957,1345.8702764,55.5520875
1012.800125,1346.8382847,54.8958576
1015.6382223,1347.8062616,54.2327102
1018.4763686,1348.7742073,53.5671536
1021.3145188,1349.7420422,52.8946088
1024.1527493,1350.709728,52.2196007
1026.9910313,1351.6771889,51.5369882
1029.8294294,1352.6443708,50.8516618
1032.6679356,1353.6111859,50.1581581
1035.5066119,1354.5775387,49.4616989
1038.3454834,1355.5432935,48.7566435
1041.1846358,1356.508234,48.0484406
1044.0241632,1357.4720732,47.3320432
1046.8642101,1358.434365,46.6126063
1049.7049738,1359.3945663,45.8862054
1052.546671,1360.3519601,45.1571878
1055.3896027,1361.3057353,44.4222962
1058.2340724,1362.2548472,43.6851691
1061.0805003,1363.1981101,42.9442008
1063.9293887,1364.1338705,42.2017524
1066.781367,1365.0601599,41.4618726
1069.6372818,1365.9742754,40.7229947
1072.4979527,1366.8730084,39.9990353
1075.3646597,1367.7528024,39.2809651
1078.2379935,1368.6095917,38.5864189
1081.1196852,1369.4393562,37.9012781
1084.0097233,1370.237499,37.2440875
1086.9098575,1371.0007494,36.5982557
1089.8176683,1371.7253768,35.9838642
1092.7376076,1372.4107761,35.3825531
1095.6651656,1373.0545728,34.81704
1098.6052538,1373.6509921,34.2670428
1101.5577517,1374.189963,33.7551807
1104.5186992,1374.6639843,33.2612411
1107.4933216,1375.0684598,32.8065437
1110.4724462,1375.3943943,32.3719751
1113.4632147,1375.633656,31.983533
1116.4562735,1375.7816028,31.6196224
1119.4562246,1375.8379836,31.2987781
1122.4525534,1375.8018734,31.000132
1125.4507962,1375.6720632,30.7176695
1128.438258,1375.4471136,30.4427489
1131.4216656,1375.1236756,30.1772151
1134.3866625,1374.6986821,29.9153214
1137.3385654,1374.1660842,29.7195955
1140.2651758,1373.525105,29.5430174
1143.1684027,1372.7739374,29.4361348
1146.0398336,1371.9141038,29.3422117
1148.8778701,1370.9457997,29.2757847
1151.6765313,1369.8706133,29.2118596
1154.4324794,1368.6893779,29.1506771
1157.1412908,1367.403603,29.0892393
1159.7986559,1366.0149296,29.0239899
1162.4008219,1364.5248656,28.958183
1164.943337,1362.9354323,28.8890437
1167.4223473,1361.2485517,28.8195237
1169.8336484,1359.4663157,28.7486421
1172.1729221,1357.590797,28.6777286
1174.4360698,1355.6241519,28.6067381
1176.6192352,1353.5688539,28.5694734
1178.7192604,1351.4287404,28.5899818
1180.7348343,1349.2085927,28.7690869
1182.6657508,1346.9146016,29.1484205
1184.5138281,1344.5535405,29.5693107
1186.280849,1342.1310078,30.0294911
1187.9674923,1339.6528145,30.4943042
1189.5756078,1337.1216596,30.9624085
1191.1040195,1334.5440342,31.4284854
1192.5559573,1331.91922,31.8934816
1193.9286664,1329.2573007,32.359687
1195.2268478,1326.5513981,32.8263784
1196.4429623,1323.8179832,33.2967078
1197.5825842,1321.0387056,33.768172
1198.6331926,1318.2386616,34.2414912
1199.6083017,1315.3953225,34.7153028
1200.5055106,1312.5368561,35.1854127
1201.3331063,1309.6499173,35.6545162
1202.0901225,1306.7440508,36.1120352
1202.7786948,1303.8255498,36.5657742
1203.4044671,1300.8877156,37.0014205
1203.9692252,1297.9457589,37.429836
1204.4800974,1294.9907,37.8469397
1204.9362719,1292.0293344,38.2589642
1205.336694,1289.0587931,38.7082386
1205.6879369,1286.0810855,39.1748032
1206.0017306,1283.0991476,39.7672139
1206.2913091,1280.1147028,40.4185615
1206.5701251,1277.1292665,41.1630563
1206.8450158,1274.1431112,41.9512683
1207.1184693,1271.1567179,42.7431151
1207.3914965,1268.1705582,43.5366756
1207.6643034,1265.1842367,44.3294826
1207.9369815,1262.1981251,45.1219325
1208.2096608,1259.2118935,45.914207
1208.4823527,1256.2257248,46.7063982
1208.7550546,1253.2394793,47.4990085
1209.0277491,1250.2533068,48.2918175
1209.3004508,1247.2670897,49.0855825
1209.5731541,1244.2808958,49.8797996
1209.8458604,1241.2946917,50.6754627
1210.1185685,1238.3084826,51.4718074
1210.3912755,1235.3222962,52.2700467
1210.6639868,1232.33607,53.0691757
1210.9366928,1229.3498998,53.8706103
1211.2094054,1226.3636569,54.6731236
1211.4821103,1223.3775033,55.3920521
1211.7548272,1220.3912439,56.0719888
1212.0275383,1217.4051089,56.5665149
1212.3002721,1214.4188341,56.9746951
1212.5730069,1211.432716,57.1523805
1212.8457757,1208.4464273,57.2227092
1213.1185465,1205.4603375,57.063711
1213.3913595,1202.4740367,56.7976267
1213.6641773,1199.4879519,56.3485515
1213.9370288,1196.5016354,55.8135533
1214.2098566,1193.5155963,55.1947978
1214.4828086,1190.5292819,54.536353
1214.7559803,1187.5433611,53.8717234
1215.0295056,1184.5570484,53.2041243
1215.3033124,1181.571059,52.5298118
1215.5773517,1178.584772,51.8522156
1215.8514285,1175.5985817,51.1671705
1216.1254938,1172.6123998,50.4783899
1216.3995685,1169.6260997,49.7813338
1216.6736215,1166.6400274,49.0800081
1216.9476971,1163.653637,48.3695207
1217.2217254,1160.6676503,47.6541728
1217.4957869,1157.6811735,46.9286533
1217.769798,1154.6952756,46.1976079
1218.0438846,1151.7087518,45.4552574
1218.3178161,1148.722924,44.7066662
1218.5915444,1145.7360674,43.9454745
1218.8645282,1142.7502427,43.1772918
1219.1365563,1139.7633356,42.3949247
1219.4076342,1136.7775696,41.6047656
1219.6785219,1133.7911934,40.7990476
1219.9493581,1130.8052694,39.9850468
1220.2201777,1127.8192342,39.1539816
1220.4909806,1124.8329931,38.3142725
1220.7617052,1121.8472001,37.4554323
1221.0324437,1118.8606483,36.5874473
1221.303008,1115.8752795,35.6977065
1221.5737905,1112.8883546,34.7981345
1221.8444711,1109.9034296,33.8736124
1222.1130188,1106.9158576,32.9382894
1222.3748262,1103.930625,32.0031907
1222.6234119,1100.9409483,31.0681875
1222.8490087,1097.9564069,30.1889488
1223.0403416,1094.961642,29.3340691
1223.1822817,1091.9706766,28.6272636
1223.2576108,1088.969432,27.9915636
1223.24574,1085.9667409,27.4446502
1223.1287824,1082.9687604,26.9508019
1222.8889511,1079.9708787,26.6092479
1222.5169874,1076.9945352,26.3880891
1222.0054008,1074.0308639,26.2366771
1221.3549676,1071.1024476,26.1534676
1220.5649703,1068.2039053,26.0691815
1219.6417505,1065.3546461,25.9838417
1218.5869385,1062.5505729,25.8927487
1217.4068515,1059.8072494,25.7976443
1216.105425,1057.1282478,25.7021871
1214.6681473,1054.4870187,25.6066155
1213.1197427,1051.9269168,25.8828549
1211.4384995,1049.4346273,26.1923079
1209.6317364,1047.0635967,26.6146861
1207.6635208,1044.7986158,27.0474936
1205.5840774,1042.6711334,27.5238123
1203.3829937,1040.5848898,27.9988625
1201.158178,1038.5749434,28.4693926
1198.8844941,1036.6062875,28.9358769
1196.5694009,1034.6914878,29.3833166
1194.2117385,1032.8525874,29.8235912
1191.7855284,1031.0862523,30.222717
1189.3083861,1029.4018808,30.6217928
1186.7789891,1027.7898703,31.0205528
1184.2106319,1026.2452095,31.446648
1181.6099591,1024.7528317,32.0507876
1178.9916526,1023.2905613,32.683878
1176.3676743,1021.8387958,33.5104955
1173.7423595,1020.3902082,34.3363221
1171.1172194,1018.9406616,35.1567308
1168.4925372,1017.4907562,35.9760213
1165.8675176,1016.0410081,36.787496
1163.2426123,1014.5914921,37.5981175
1160.6175711,1013.141811,38.4026736
1157.9927114,1011.6921861,39.2065954
1155.3676906,1010.2424973,40.0059439
1152.7428019,1008.792894,40.8048426
1150.11779,1007.3432163,41.6004607
1147.4928938,1005.8935994,42.3957865
1144.8678942,1004.4439271,43.1889619
1142.242985,1002.9943055,43.9819819
1139.6179969,1001.5446397,44.7738495
1136.9930765,1000.0950109,45.5656819
1134.3681,998.6453511,46.3572513
1131.7431683,997.1957158,47.1488924
1129.1182033,995.746062,47.9410697
1126.4932603,994.2964201,48.7334146
1123.8683068,992.8467722,49.5270194
1121.2433526,991.3971238,50.3208786
1118.6184107,989.9474822,51.1166579
1115.9934451,988.497827,51.9127705
1113.368515,987.048191,52.7114098
1110.7435377,985.5985296,53.5104547
1108.1186183,984.1488985,54.3125899
1105.4936397,982.6992197,55.1151971
1102.8687633,981.2495638,55.9214226
1100.2438039,979.7997997,56.7281797
1097.6190018,978.3500466,57.5390445
1094.9940687,976.9001803,58.3504977
1092.369279,975.4503858,59.1665456
1089.7443551,974.0005151,59.9832346
1087.1195549,972.5507108,60.8049984
1084.4946456,971.1008454,61.6274497
1081.8698355,969.6510343,62.4554304
1079.2449366,968.2011739,63.2841399
1076.6201155,966.7513561,64.1188181
1073.9952284,965.3015015,64.9542616
1071.3703962,963.8516773,65.7960999
1068.7455204,962.4018289,66.6387359
1066.1206768,960.9519985,67.4881815
1063.4958122,959.5021568,68.3384537
1060.870957,958.0523206,69.1959407
1058.2461036,956.6024859,70.0542799
1055.6212365,955.1526443,70.9202311
1052.996394,953.702817,71.7870578
1050.3715149,952.2529702,72.6618863
1047.7466833,950.8031503,73.5376116
1045.121792,949.3532984,74.4217223
1042.4969714,947.9034863,75.30675
1039.8720685,946.4536297,76.200541
1037.2472582,945.0038247,77.0952687
1034.6223424,943.5539617,77.999132
1031.9975446,942.1041647,78.903952
1029.3726204,940.6542995,79.8182748
1026.7478271,939.2045101,80.7335744
1024.1228728,937.7546506,81.6587287
1021.498057,936.3049432,82.5848831
1018.8729968,934.8552165,83.5212531
1016.248129,933.4056755,84.4586473
1013.6230289,931.9560368,85.4065862
1010.9981526,930.5065072,86.3555742
1008.3730992,929.0568352,87.3153929
1005.7482317,927.6072361,88.2762899
1003.1232034,926.157563,89.2483012
1000.4982577,924.7080612,90.2214247
997.8730738,923.2587143,91.2059518
995.2477501,921.8098529,92.1909213
992.6219758,920.361621,93.1803929
989.995734,918.9143798,94.1657667
987.3687801,917.4683364,95.1098447
984.741081,916.0236961,96.0464496
982.1125545,914.5805637,96.9085121
979.4831809,913.1389234,97.7607192
976.853066,911.6987397,98.515611
974.2222163,910.2597432,99.2591285
971.5909357,908.8217413,99.891341
968.9592462,907.3842297,100.5114329
966.3276302,905.9468887,101.0137408
963.6961034,904.5090319,101.5038906
961.0652916,903.0702673,101.8763699
958.4351699,901.6297937,102.2373173
955.8064689,900.1872163,102.4866882
953.1790953,898.741697,102.725788
950.5538479,897.2929017,102.8650809
947.9305284,895.8399832,102.9959773
945.3099897,894.3827355,103.0444789
942.6918501,892.920427,103.0870548
940.0769147,891.4530123,103.07051
937.4649308,889.9798367,103.0510636
934.856468,888.5007029,103.0019873
932.2516448,887.0151604,102.9528742
929.6506149,885.5228206,102.9033754
927.0537656,884.0235672,102.8538373
924.4608813,882.516963,102.8038783
921.8726206,881.0030837,102.7538818
919.2884997,879.4813372,102.7034747
916.70946,877.9519661,102.6530366
914.1347519,876.414205,102.6022557
911.5655916,874.8684385,102.551454
909.0010073,873.3137266,102.5004214
906.4424633,871.750578,102.4493799
903.8887995,870.1778917,102.3982412
901.3416874,868.5962861,102.3471049
898.7998199,867.0045308,102.2959941
896.2650193,865.4033433,102.2448926
893.7358725,863.791409,102.1938838
891.2142857,862.1695378,102.1428807
888.6987816,860.5363892,102.0919308
886.191268,858.8928533,102.0409654
883.6902481,857.237631,101.9898662
881.1975567,855.5716883,101.9387063
878.7117236,853.893835,101.8870698
876.2343905,852.2050536,101.8353013
873.7641838,850.5043336,101.7825972
871.3025669,848.792708,101.7296658
868.8483432,847.0693135,101.6752868
866.4027225,845.3347692,101.6205743
863.9650716,843.5886246,101.5639605
861.5352381,841.8314209,101.5069138
859.1132487,840.0639194,101.4476474
856.6981443,838.2860921,101.3878718
854.2905828,836.4990726,101.325716
851.8893031,834.7025369,101.2630106
849.4951118,832.8977106,101.1979319
847.1065823,831.0841727,101.1322962
844.7246209,829.2632658,101.0644091
842.3477122,827.4344741,100.9959786
839.9768268,825.5991711,100.9254646
837.6104351,823.756769,100.8544286
835.2495356,821.908618,100.7814701
832.8926388,820.0540846,100.7080095
830.5407369,818.1944579,100.6327529
828.1924198,816.3290924,100.5570095
825.8486362,814.4591897,100.4795557
823.5080849,812.5841271,100.4016257
821.1716369,810.7049994,100.3220354
818.8381243,808.8212382,100.241976
816.5083087,806.9338147,100.1602796
814.1811783,805.0422442,100.0781193
811.8573585,803.1473568,99.9943256
809.5360127,801.2487721,99.9100721
807.2176085,799.3471653,99.8241747
804.9015015,797.442289,99.7378206
802.5879834,795.5346465,99.6498009
800.2766204,793.6241116,99.5613272
797.9674971,791.7110423,99.4711581
795.6602947,789.7955962,99.3805362
793.3548518,787.8780014,99.2881811
791.0511697,785.9584554,99.1953735
788.7490211,784.0368865,99.1007915
786.4486186,782.1134658,99.0057569
784.1497182,780.1880218,98.9089065
781.8524627,778.2608318,98.811602
779.5565641,776.3318172,98.7124364
777.262157,774.4012281,98.6128139
774.9689847,772.4689804,98.5112812
772.6771709,770.535306,98.4092876
770.3864773,768.6001269,98.3053315
768.0970203,766.6636555,98.2009094
765.8085815,764.7258166,98.0944698
763.5212697,762.7868053,97.9875581
761.2348837,760.8465503,97.8785709
758.9495256,758.9052308,97.7691046
756.6650101,756.9627791,97.6575022
754.3814325,755.0193598,97.545413
752.0986225,753.074909,97.4311242
749.8166689,751.1295779,97.3163399
747.5354152,749.1833061,97.1992901
745.2549439,747.2362326,97.0817353
742.9751113,745.2883009,96.9618462
740.6959938,743.3396382,96.8414419
738.4174598,741.3901919,96.7186318
736.1395797,739.4400784,96.5952953
733.8622333,737.4892492,96.4694786
731.5854848,735.5378103,96.3431238
729.309225,733.5857173,96.2142113
727.0335122,731.6330666,96.084748
724.7582473,729.6798179,95.9526464
722.4834829,727.7260586,95.8199805
720.2091296,725.7717523,95.6845927
717.9352341,723.8169778,95.5486261
715.6617164,721.8617032,95.4098503
713.3886176,719.9059987,95.2704805
711.1158664,717.9498367,95.1282107
708.8434983,715.9932795,94.9853308
706.5714506,714.036304,94.839456
704.2997531,712.0789646,94.6929543
702.0283515,710.1212428,94.5433587
699.7572697,708.1631855,94.3931183
697.4864618,706.2047786,94.2396809
695.2159457,704.2460618,94.0855797
692.9456835,702.2870259,93.9281736
690.6756873,700.3277031,93.770084
688.405927,698.368089,93.6085765
686.1364089,696.408209,93.4463647
683.8671106,694.4480634,93.2806167
681.5980322,692.4876708,93.1141426
679.3291592,690.5270363,92.9440084
677.0604858,688.5661718,92.7731253
674.7920046,686.6050873,92.5984518
672.5237039,684.6437882,92.4230055
670.2555838,682.6822895,92.2436322
667.9876266,680.7205898,92.063461
665.7198399,678.7587093,91.8792189
663.4521991,676.7966403,91.6941528
661.18472,674.8344076,91.5048645
658.9173745,672.8719927,91.3147247
656.6501865,670.9094229,91.120203
654.3831234,668.9466812,90.9248011
652.1162054,666.9837975,90.7248479
649.8494009,665.02076,90.5239846
647.5827254,663.057596,90.318391
645.3161524,661.0942918,90.1118558
643.0496994,659.1308708,89.9004008
640.7833405,657.1673193,89.6879714
638.5170933,655.2036605,89.4704215
636.2509327,653.2398806,89.2518623
633.9848761,651.2760017,89.0279699
631.7188991,649.31201,88.8030317
629.453019,647.3479271,88.5725342
627.1872124,645.3837392,88.3409524
624.9214962,643.4194671,88.103571
622.6558476,641.455097,87.8650646
620.3902835,639.4906492,87.6205026
618.124782,637.5261099,87.3747727
615.8593593,635.5614987,87.1227143
613.5939945,633.596802,86.8694424
611.3287037,631.6320385,86.6095504
609.0634664,629.6671951,86.3483966
606.7982984,627.7022896,86.0803108
604.5331802,625.7373091,85.810912
602.2681272,623.7722709,85.5342467
600.0031204,621.8071623,85.2562138
597.738175,619.8419998,84.9705555
595.4732729,617.8767709,84.6834711
593.2084285,615.9114915,84.3883751
590.9436248,613.9461495,84.0917908
588.6788757,611.9807601,83.7867784
586.4141649,610.0153113,83.4802108
584.1495059,608.0498178,83.1647652
581.8848831,606.0842679,82.8476926
579.6203096,604.1186755,82.5212548
577.3557706,602.1530295,82.1931126
575.0912787,600.1873427,81.8550763
572.8268198,598.2216047,81.5152517
570.5624062,596.2558275,81.1649575
568.2980245,594.2900009,80.8127842
566.0336864,592.3241364,80.4495129
563.7693793,590.3582241,80.0842638
561.5051145,588.3922748,79.7072286
559.2408802,586.4262791,79.3281081
556.976687,584.4602469,78.9364456
554.712524,582.4941694,78.5425799
552.4484014,580.5280557,78.135339
550.1843089,578.5618973,77.7257654
547.9202564,576.5957026,77.3018947
545.6562345,574.6294632,76.8755482
543.3922527,572.6631867,76.4338805
541.1283029,570.6968647,75.9895783
538.8643943,568.7305037,75.5288119
536.6005197,566.7640952,75.0652341
534.3366883,564.797645,74.5839105
532.0728934,562.8311452,74.0995773
529.8091431,560.8646014,73.5960537
527.5454299,558.8980078,73.0892969
525.2817594,556.9313718,72.5617119
523.0181215,554.9646919,72.0306401
520.7545175,552.997979,71.4768712
518.4909346,551.0312361,70.9193258
516.2273708,549.0644768,70.336936
513.9638134,547.0977047,69.753798
511.7002616,545.1309313,69.1656849
509.4367082,543.164155,68.5770291
507.1731565,541.197381,67.9847254
504.9096026,539.2306056,67.3918474
502.6460507,537.2638317,66.795066
500.3824971,535.2970562,66.1976764
498.118945,533.3302821,65.5961079
495.8553914,531.3635069,64.9938952
493.5918392,529.3967328,64.3872054
491.3282857,527.4299577,63.7798328
489.0647333,525.4631835,63.16766
486.8011799,523.4964086,62.5547627
484.5376272,521.5296345,61.9367141
482.2740738,519.5628598,61.3178961
480.0105209,517.5960856,60.6935439
477.7469676,515.6293112,60.0683737
475.4834145,513.662537,59.4372507
473.2198612,511.6957628,58.8052569
470.9563078,509.7289887,58.1668509
468.6927545,507.7622148,57.5275167
466.4292009,505.7954407,56.8812644
464.1656475,503.8286671,56.2340209
461.9020937,501.8618931,55.5793004
459.6385402,499.8951197,54.9235193
457.3749861,497.9283459,54.259641
455.1114326,495.9615728,53.5946255
452.8478782,493.9947991,52.9208212
450.5843246,492.0280263,52.2457946
448.3207699,490.0612527,51.5612046
446.0572162,488.0944803,50.8752972
443.7936611,486.1277069,50.1789541
441.5301073,484.1609348,49.4811868
439.266552,482.1941616,48.7719956
437.0029979,480.2273898,48.0612594
434.7394423,478.2606169,47.3379727
432.4758881,476.2938455,46.6130033
430.2123321,474.3270728,45.87419
427.9487777,472.3603017,45.1335356
425.6852214,470.3935293,44.3775404
423.4216667,468.4267587,43.6195205
421.1581101,466.4599869,42.8444119
418.8945551,464.4932163,42.0670636
416.6309985,462.5264433,41.2705648
414.367445,460.5596725,40.4715714
412.1038887,458.592903,39.6509676
409.8403205,456.6261439,38.8275632
407.5767353,454.6593954,37.9795767
405.3131702,452.6926499,37.1285683
403.0502472,450.7251825,36.2506831
400.7903476,448.7541884,35.3740265
398.5372842,446.7754428,34.5084435
396.2978648,444.7813776,33.6527604
394.080572,442.7637776,32.8876204
391.8938171,440.7112487,32.1395268
389.7504291,438.6166915,31.5511701
387.6567615,436.4684812,30.9803719
385.6276465,434.2686282,30.5871052
383.6521487,432.0052441,30.2034992
381.7466395,429.6961768,29.941622
379.9073433,427.3200792,29.6839938
378.1495225,424.8769726,29.5384659
376.4952432,422.3901034,29.3931477
374.9181866,419.8112591,29.3114799
373.4573876,417.2183905,29.2302563
372.0498411,414.5179296,29.1667583
370.7606665,411.8486086,29.1032565
369.5434818,409.083583,29.0397308
368.5087428,406.3456867,28.975075
367.6570593,403.4901989,28.9086317
367.023837,400.5885481,28.8420645
366.5301909,397.5943839,28.7754265
366.119805,394.5769629,28.815121
365.7737112,391.591706,28.9183787
365.4850223,388.5942968,29.1878499
365.2679384,385.607037,29.6086118
365.1421149,382.6224001,30.0436715
365.1157554,379.6248529,30.4938595
365.1849367,376.632587,30.9219509
365.3463187,373.6395313,31.3272074
365.596515,370.6525346,31.7658018
365.9028416,367.6686997,32.2363727
366.2057237,364.6822005,32.8569201
366.4646449,361.6947389,33.6133863
366.659611,358.7001762,34.2352791
366.7794319,355.7043369,34.7438895
366.8212106,352.7051023,35.0187509
366.780434,349.7087284,35.1206799
366.6520222,346.714532,35.1301335
366.435611,343.7250703,35.0843557
366.1342874,340.7424758,35.0405787
365.7491977,337.7688799,34.9977032
365.2803295,334.8076934,34.9560753
364.7276251,331.8603605,34.914852
364.0917866,328.9310963,34.8737732
363.3724374,326.0191254,34.8327258
362.5710265,323.1311003,34.7910383
361.686653,320.264368,34.749267
360.7217747,317.4272479,34.7068978
359.6747363,314.6152804,34.6644927
358.5491345,311.838062,34.6218669
357.3435178,309.0905659,34.5792378
356.0615067,306.3803076,34.5365524
354.7023757,303.7067707,34.4938175
353.2668218,301.0730572,34.4505909
351.7567437,298.4832517,34.4070814
350.1711727,295.9363171,34.3618012
348.5140443,293.4387135,34.318291
346.783715,290.9877431,34.282393
344.9856595,288.5897897,34.3032448
343.1192592,286.2411617,34.4978073
341.1922188,283.9460304,34.7646343
339.2056113,281.6998347,35.1912381
337.1654664,279.5033425,35.6151287
335.0754127,277.3528022,36.0346486
332.9468451,275.2498075,36.4852185
330.7875336,273.1735712,36.9728067
328.6294594,271.1067285,37.4339764
326.4804936,269.0148545,37.870945
324.3621136,266.8852065,38.104865
322.2889016,264.7131346,38.1635874
320.2572618,262.4842576,38.1762031
318.2919533,260.2140441,38.140412
316.3909927,257.8865616,38.1060364
314.563018,255.5049987,38.073492
312.8093331,253.076945,38.0415264
311.1208675,250.5985978,38.0102902
309.496213,248.0805377,37.9783365
307.9329491,245.5274848,37.9457238
306.4305641,242.9399828,37.924747
304.9948464,240.3134861,37.9097146
303.6459443,237.66689,38.2690693
302.3526375,234.9315557,38.6988732
301.1640463,232.2248344,39.1747529
300.0106081,229.412486,39.6511031
298.9399425,226.6327288,40.1299565
297.9074872,223.7948115,40.6088098
296.9276679,220.9560205,41.0895835
295.9892003,218.1112833,41.5703792
295.0802258,215.2437047,42.0581892
294.2161859,212.3811471,42.546599
293.3969491,209.4924077,43.0401656
292.6299994,206.5983201,43.5344391
291.9104471,203.6853447,44.0287358
291.2408724,200.7652061,44.5230363
290.6195354,197.8315401,45.0066783
290.046883,194.8888427,45.4884698
289.5219752,191.9364471,45.9508673
289.0435866,188.9764509,46.4098513
288.6095807,186.0095536,46.8711542
288.2157519,183.0368803,47.3328664
287.8565288,180.0601342,47.886475
287.5225422,177.0799018,48.4562936
287.2036746,174.0983423,49.1711978
286.8926025,171.1157486,49.9118234
286.583824,168.1330869,50.6994359
286.2753906,165.1502839,51.4954635
285.9668841,162.167598,52.2937222
285.6582575,159.184827,53.0923855
285.349649,156.2021477,53.8938473
285.0410488,153.2193786,54.6958239
284.7324439,150.2366901,55.5011256
284.4238178,147.2539316,56.3070483
284.1151938,144.2712365,57.1167871
283.8065611,141.288487,57.9272502
283.4979288,138.3057831,58.7419894
283.1892888,135.3230435,59.5575543
282.8806491,132.3403302,60.3778287
282.5720057,129.3576006,61.1990285
282.2633613,126.374877,62.0253482
281.9547162,123.3921579,62.8526919
281.6460691,120.4094241,63.685546
281.3374241,117.4267155,64.5195218
281.0287745,114.4439684,65.3593818
280.7201285,111.4612717,66.2004605
280.4114714,108.47852,67.0477872
280.1027957,105.4958356,67.8964297
279.7940672,102.5131052,68.7516597
279.4853055,99.5304233,69.6082987
279.1765234,96.5477045,70.4718392
278.8677386,93.5650163,71.3368777
278.5589501,90.5822953,72.209128
278.2501662,87.5996077,73.0829658
277.9413797,84.6168879,73.9643141
277.632597,81.6341991,74.8473379
277.3238119,78.6514799,75.7381628
277.0150306,75.6687902,76.6307505
276.7062469,72.6860716,77.5314238
276.3974665,69.7033811,78.4339469
276.0886836,66.7206631,79.3448347
275.7799041,63.7379718,80.257659
275.4711227,60.7552543,81.1791227
275.1623458,57.7725621,82.1026093
274.853569,54.7898447,83.0350064
274.5447972,51.8071514,83.9695127
274.2360231,48.8244343,84.9131975
273.9272414,45.8417413,85.8590777
273.6184356,42.8590282,86.814402
273.3096121,39.876339,87.772008
273.0007794,36.8936294,88.7393209
272.6919913,33.9109358,89.7090021
272.3833188,30.9282109,90.688656
272.0749103,27.945477,91.6707659
271.7669449,24.9626805,92.6600377
271.4596633,21.979829,93.6510893
271.1533208,18.996867,94.6082719
270.8481572,16.0137966,95.5569646
270.5443915,13.0305725,96.4418629
270.2422028,10.0471978,97.3106336
269.9417385,7.0636404,98.0950767
269.643087,4.0799084,98.8580237
269.3462975,1.0959838,99.5239096
269.0513611,-1.8881186,100.1648516
268.7582327,-4.8724052,100.7026019
268.4668196,-7.8568539,101.21362
268.1770003,-10.8414643,101.6210921
267.8886242,-13.8262078,102.0015281
267.6015221,-16.8110817,102.2833295
267.3155164,-19.7960525,102.5391768
267.0304221,-22.7811199,102.7063312
266.7460651,-25.7662473,102.8499692
266.4622732,-28.7514394,102.9198529
266.1788985,-31.7366596,102.970035
265.8958018,-34.721918,102.9665391
265.6128747,-37.7071801,102.9485997
265.3300198,-40.6924613,102.9024321
265.0471708,-43.6777307,102.8486151
264.7642719,-46.6630074,102.7938775
264.481293,-49.6482647,102.7388887
264.1982116,-52.6335236,102.6829792
263.9150232,-55.6187613,102.6268167
263.6317268,-58.6039993,102.5697129
263.3483321,-61.5892179,102.5123487
263.0648485,-64.5744376,102.454022
262.7812908,-67.5596413,102.3954275
262.4976706,-70.5448475,102.3358489
262.214002,-73.5300411,102.2759949
261.9302946,-76.5152386,102.2151345
261.6465589,-79.5004263,102.1539908
261.362801,-82.4856186,102.091818
261.0790273,-85.4708031,102.0293536
260.7952407,-88.4559923,101.9658365
260.5114447,-91.4411751,101.9020195
260.2276398,-94.4263621,101.8371257
259.9438275,-97.4115438,101.7719231
259.6600073,-100.396729,101.7056188
259.3761799,-103.3819096,101.638997
259.0923442,-106.367093,101.5712476
258.8085008,-109.3522724,101.5031714
258.5246488,-112.3374539,101.4339414
258.2407887,-115.3226321,101.364375
257.95692,-118.3078117,101.2936275
257.6730432,-121.2929886,101.2225339
257.3891582,-124.2781663,101.1502311
257.1052654,-127.2633421,101.0775721
256.8213649,-130.248518,101.003675
256.5374571,-133.2336926,100.9294113
256.2535421,-136.2188668,100.8538797
255.9696202,-139.2040404,100.7779706
255.6856915,-142.189213,100.7007631
255.4017563,-145.1743857,100.6231669
255.1178147,-148.1595567,100.5442405
254.8338665,-151.1447285,100.464914
254.5499123,-154.129898,100.3842248
254.2659515,-157.1150689,100.3031235
253.9819847,-160.1002369,100.2206258
253.6980114,-163.0854069,100.1377036
253.414032,-166.0705734,100.0533504
253.1300459,-169.0557425,99.9685599
252.8460536,-172.0409075,99.8823027
252.5620545,-175.0260756,99.7955947
252.2780492,-178.0112391,99.7073832
251.9940367,-180.9964063,99.6187073
251.7100177,-183.9815682,99.5284896
251.4259913,-186.9667343,99.4377932
251.1419583,-189.9518946,99.3455158
250.8579174,-192.9370595,99.2527448
250.5738696,-195.9222182,99.1583522
250.2898136,-198.907382,99.0634505
250.0057503,-201.8925388,98.9668854
249.7216783,-204.8777014,98.869795
249.4375985,-207.8628564,98.7709979
249.1535096,-210.8480177,98.6716589
248.8694125,-213.8331708,98.5705684
248.5853056,-216.8183306,98.4689186
248.30119,-219.8034817,98.365471
248.017064,-222.7886399,98.261446
247.7329286,-225.7737888,98.1555753
247.4487821,-228.7589454,98.0491084
247.1646257,-231.744092,97.9407463
246.8804572,-234.7292467,97.8317682
246.5962782,-237.714391,97.7208437
246.3120863,-240.6995437,97.6092828
246.0278828,-243.6846854,97.4957223
245.7436657,-246.669836,97.3815039
245.4594362,-249.6549749,97.2652311
245.1751912,-252.6401231,97.148278
244.8909309,-255.6252595,97.0292135
244.6066515,-258.6104044,96.9094453
244.3223531,-261.5955381,96.7875066
244.0380347,-264.5806788,96.6648398
243.7536998,-267.5658093,96.539941
243.4693467,-270.5509461,96.4142886
243.1849764,-273.5360735,96.2863404
242.9005867,-276.5212066,96.1576119
242.6161782,-279.5063307,96.0265213
242.3317489,-282.4914596,95.8946223
242.0472993,-285.4765802,95.7602926
241.7628273,-288.4617047,95.6251251
241.4783333,-291.4468213,95.4874552
241.1938152,-294.4319412,95.3489168
240.909273,-297.4170535,95.2078015
240.624705,-300.4021683,95.0657854
240.3401109,-303.387276,94.9211149
240.0554888,-306.3723853,94.7755099
239.7708384,-309.357488,94.6271694
239.4861579,-312.3425913,94.4778591
239.2014466,-315.3276885,94.3257289
238.9167027,-318.3127855,94.1725917
238.6319254,-321.2978768,94.0165464
238.3471128,-324.2829669,93.8594551
238.062264,-327.2680516,93.6993638
237.7773771,-330.2531344,93.5381854
237.4924507,-333.238212,93.3739106
237.207483,-336.2232867,93.2085057
236.9224726,-339.2083566,93.0399035
236.6374174,-342.1934227,92.870126
236.3523156,-345.1784842,92.6970456
236.0671653,-348.1635409,92.5227421
235.7819645,-351.1485932,92.3450249
235.496711,-354.1336397,92.1660346
235.2114026,-357.1186821,91.9835141
234.926037,-360.1037176,91.7996676
234.6406116,-363.0887491,91.6121687
234.3551241,-366.0737726,91.423288
234.0695716,-369.0587922,91.2306264
233.7839516,-372.0438028,91.036524
233.4982607,-375.0288095,90.8385053
233.2124966,-378.013806,90.6389836
232.9266553,-380.9987985,90.4354027
232.6407341,-383.9837797,90.2302531
232.354729,-386.9687569,90.0208935
232.068637,-389.9537214,89.8098956
231.7824534,-392.9386817,89.5945283
231.4961751,-395.9236281,89.377449
231.209797,-398.90857,89.1558314
230.9233156,-401.8934967,88.9324238
230.6367253,-404.8784185,88.704299
230.3500224,-407.8633236,88.4743012
230.0632006,-410.8482235,88.2393964
229.7762557,-413.8331051,88.0025302
229.4891811,-416.8179809,87.7605552
229.201972,-419.8028368,87.5165251
228.9146211,-422.7876864,87.2671711
228.6271231,-425.7725142,87.015662
228.33947,-428.7573349,86.7585998
228.051656,-431.7421319,86.4992755
227.7636721,-434.726921,86.2341534
227.475512,-437.7116844,85.9666551
227.1871657,-440.6964388,85.6930967
226.8986263,-443.6811653,85.4170399
226.6098828,-446.6658815,85.134642
226.3209273,-449.6505675,84.8496145
226.0317478,-452.6352418,84.5579439
225.7423355,-455.6198833,84.2635029
225.4526771,-458.6045114,83.9620933
225.1627627,-461.5891039,83.6577619
224.8725776,-464.573681,83.3461107
224.5821106,-467.5582196,83.0313741
224.2913455,-470.5427405,82.7089379
224.0002695,-473.5272195,82.3832395
223.7088647,-476.5116783,82.0494293
223.4171164,-479.4960914,81.7121653
223.1250047,-482.4804813,81.3663414
222.8325131,-485.4648214,81.0168555
222.5396196,-488.4491349,80.6583208
222.2463057,-491.433394,80.2958973
221.9525472,-494.4176228,79.92389
221.6583237,-497.4017921,79.5477461
221.3636087,-500.3859268,79.1614311
221.0683796,-503.3699966,78.7707081
220.7726073,-506.3540268,78.3691668
220.4762653,-509.3379861,77.9629189
220.1793196,-512.3219,77.5451374
219.8817366,-515.3057356,77.1223197
219.5834733,-518.2895183,76.6871744
219.2844846,-521.2732131,76.2466276
218.9847135,-524.2568448,75.7928678
218.6841017,-527.2403764,75.3333002
218.3825799,-530.2238318,74.8595266
218.0800876,-533.2071731,74.3794903
217.7765622,-536.1904253,73.8841263
217.4719759,-539.1735534,73.381987
217.1663179,-542.1565878,72.8632443
216.8596477,-545.1395025,72.3371448
216.5520624,-548.1223388,71.7929883
216.2437313,-551.1050823,71.2408135
215.9348556,-554.0877855,70.668921
215.6256424,-557.0704375,70.088256
215.3162826,-560.0530909,69.5024414
215.0068823,-563.0357233,68.914332
214.6974823,-566.0183727,68.3233222
214.3880948,-569.0010062,67.7310182
214.0787048,-571.9836569,67.1356167
213.7693137,-574.9662898,66.5388315
213.4599208,-577.9489404,65.9387365
213.1505304,-580.9315732,65.3371615
212.841138,-583.914224,64.732047
212.5317472,-586.8968565,64.125349
212.2223543,-589.8795075,63.5148625
211.9129633,-592.8621399,62.9026808
211.6035701,-595.844791,62.2864399
211.2941788,-598.827423,61.6683827
210.9847855,-601.8100743,61.0459714
210.6753939,-604.7927062,60.4216125
210.3659996,-607.7753588,59.792576
210.0566099,-610.7579904,59.1614488
209.7472259,-613.7406346,58.5252889
209.4378552,-616.7232692,57.8868818
209.1285026,-619.7058878,57.2430637
208.8191588,-622.6885375,56.5968326
208.5098231,-625.6711354,55.9447874
208.2004788,-628.6538061,55.2901528
207.891143,-631.6363886,54.629256
207.5818007,-634.6190762,53.965572
207.2724826,-637.6016417,53.2951291
206.9631624,-640.5843498,52.6216763
206.6538538,-643.5668988,51.940912
206.3443522,-646.5496055,51.2568841
206.0344051,-649.5320702,50.5670627
205.7233673,-652.5146341,49.874643
205.4104763,-655.4967727,49.180346
205.0946816,-658.4788536,48.4852006
204.7749081,-661.4602377,47.7898189
204.4498036,-664.4413355,47.0943291
204.1180265,-667.4213785,46.4009026
203.7778946,-670.4008199,45.7084335
203.4277479,-673.3787003,45.0210264
203.0655963,-676.3555713,44.3360156
202.6895537,-679.3302483,43.6584154
202.297366,-682.303352,42.9844152
201.8869733,-685.2732972,42.3198538
201.4558916,-688.2410489,41.660032
201.0019835,-691.2046931,41.0119057
200.5223809,-694.1650984,40.3699062
200.0146942,-697.1194942,39.7418259
199.4770838,-700.0698646,39.1214509
198.9093972,-703.013318,38.517677
198.308557,-705.9517803,37.923762
197.670695,-708.8832363,37.348819
196.9914701,-711.8044961,36.786283
196.264704,-714.7171933,36.2445252
195.4876163,-717.6132815,35.7179643
194.6547351,-720.4976985,35.2144108
193.7647742,-723.3605884,34.729127
192.8118056,-726.2073152,34.2695575
191.7955596,-729.0267521,33.8304686
190.709887,-731.8253549,33.4195547
189.5566418,-734.5894214,33.0285441
188.3287353,-737.3278559,32.6707059
187.028993,-740.0236183,32.330592
185.6485891,-742.6834829,32.0342792
184.1865244,-745.2979431,31.7523217
182.6423556,-747.8610967,31.514577
181.0098681,-750.3831701,31.2830811
179.3055589,-752.8409841,31.0769864
177.5141231,-755.2535819,30.8724667
175.6508619,-757.5960099,30.6819899
173.7023877,-759.8815805,30.4988619
171.6811453,-762.092267,30.3518008
169.5784229,-764.2350052,30.2174212
167.4036373,-766.2978316,30.1252021
165.1534378,-768.2829883,30.0412247
162.8340001,-770.1840783,29.9781278
160.4462971,-772.0000081,29.917255
157.9937144,-773.7275912,29.8608568
155.4804648,-775.3633157,29.8035719
152.9077728,-776.9054347,29.744879
150.2814523,-778.3496046,29.6841879
147.602134,-779.6950046,29.6210909
144.8752864,-780.9391135,29.5559918
142.1032392,-782.0808021,29.4891509
139.2904629,-783.11767,29.4209483
136.4403174,-784.0479572,29.3519245
133.5576028,-784.8696709,29.3047645
130.6445118,-785.5818402,29.2662759
127.7083363,-786.1824702,29.2384192
124.7485279,-786.6712835,29.2130956
121.7758176,-787.0461446,29.1526455
118.7861874,-787.3068586,29.0880906
115.7945611,-787.4516574,29.0903436
112.79323,-787.4813587,29.1092346
109.8001172,-787.397572,29.4121021
106.8042796,-787.2051175,29.731538
103.8241962,-786.910667,30.1809942
100.847977,-786.5175404,30.6326092
97.8922883,-786.0316863,31.0953585
94.9467207,-785.4541386,31.5571348
92.0250863,-784.7899963,32.0149804
89.1191886,-784.0397189,32.4721355
86.2398153,-783.2082379,32.9268758
83.3812062,-782.2960792,33.3816355
80.5509125,-781.3076775,33.8364577
77.7458808,-780.2440481,34.2917982
74.9702733,-779.1086802,34.7487353
72.223907,-777.9034692,35.2065566
69.5074432,-776.6305636,35.6670062
66.8242172,-775.2935657,36.1286641
64.1712964,-773.8926896,36.5937333
61.5542369,-772.4323007,37.0601057
58.9686752,-770.9114265,37.5298389
56.4196919,-769.3346294,38.0009121
53.9039614,-767.701489,38.4750333
51.4250818,-766.0159358,38.9505722
48.9808692,-764.2780994,39.4288881
46.5736597,-762.4911977,39.9087263
44.202118,-760.6558036,40.3910934
41.8676402,-758.7745104,40.875108
39.5694985,-756.8482423,41.3614214
37.3084311,-754.879088,41.8495249
35.0840736,-752.8681897,42.3397128
32.8967624,-750.8172789,42.8318456
30.7462953,-748.7275769,43.3258599
28.6328109,-746.6006056,43.8219785
26.5561156,-744.4375359,44.319781
24.5162994,-742.2398097,44.8198414
22.5130776,-740.0084436,45.3213887
20.5465857,-737.7448981,45.8253396
18.6163981,-735.4499652,46.330584
16.7227405,-733.1251828,46.8384089
14.865045,-730.7710895,47.3473579
13.0436349,-728.3893182,47.8592757
11.2578154,-725.9801685,48.3722259
9.50796,-723.5453562,48.8894906
7.7932767,-721.085025,49.407928
6.114111,-718.6009209,49.9315489
4.469701,-716.0930791,50.4562356
2.8604803,-713.5633023,50.9860516
1.2854242,-711.0111897,51.5166235
-0.2547577,-708.4391767,52.0523438
-1.7616742,-705.845851,52.5885571
-3.2340338,-703.2347425,53.1300882
-4.6739726,-700.6032593,53.671888
-6.0796666,-697.9559405,54.2193119
-7.4536278,-695.2892446,54.7669306
-8.7938432,-692.6082871,55.3202821
-10.1028997,-689.9090902,55.8739514
-11.3788276,-687.1969205,56.4333947
-12.6241044,-684.4677222,56.993336
-13.8369207,-681.726677,57.5591424
-15.019578,-678.9698129,58.1256189
-16.1704759,-676.202095,58.6980991
-17.2917028,-673.4197563,59.2714118
-18.3818941,-670.6274433,59.8509115
-19.4429074,-667.8216869,60.4313944
-20.4736249,-665.0067372,61.0182874
-21.4756678,-662.1794966,61.6062999
-22.4481661,-659.3437553,62.2009774
-23.3925065,-656.4968494,62.7968939
-24.3080628,-653.6420517,63.3997493
-25.1959918,-650.7771936,64.0039439
-26.0559046,-647.9049733,64.6153542
-26.8887346,-645.0237698,65.2281826
-27.6943147,-642.1356493,65.8484873
-28.4733421,-639.2396152,66.4702683
-29.2258067,-636.337017,67.0997518
-29.9520184,-633.4275463,67.7307271
-30.652081,-630.511943,68.3694475
-31.3265397,-627.5900601,69.0095845
-31.9756753,-624.6628655,69.6570593
-32.6000263,-621.7296552,70.3058265
-33.1996111,-618.7920007,70.96132
-33.774989,-615.8486755,71.61794
-34.3260872,-612.9015767,72.2805149
-34.8534651,-609.9492108,72.9440098
-35.3570301,-606.9936073,73.6125091
-35.8372992,-604.0332049,74.2816874
-36.2941913,-601.0699753,74.9547221
-36.72815,-598.1024688,75.6281755
-37.1391253,-595.132436,76.3041483
-37.5274695,-592.1586954,76.9802878
-37.8931757,-589.1826345,77.6575055
-38.236501,-586.2034741,78.3346933
-38.5574916,-583.2221239,79.011671
-38.8563275,-580.2383112,79.6885526
-39.1331258,-577.2523874,80.3646908
-39.3880403,-574.2646563,81.0409068
-39.6213021,-571.2748736,81.7177903
-39.8331455,-568.2839316,82.3953029
-40.0240095,-565.2910066,83.0788029
-40.194385,-562.2975628,83.7639747
-40.3450821,-559.3022535,84.4667838
-40.4770995,-556.3069685,85.1727306
-40.5918081,-553.3099405,85.915039
-40.6908284,-550.313509,86.6618352
-40.7761484,-547.3154766,87.4648738
-40.850014,-544.3183898,88.272662
-40.9146707,-541.3201529,89.1432628
-40.9715879,-538.3223925,90.0173411
-41.0218905,-535.3241409,90.938908
-41.0658056,-532.3258515,91.8619642
-41.1032327,-529.3274259,92.8058996
-41.1335401,-526.3289494,93.7496571
-41.1559242,-523.3303929,94.6908535
-41.1693673,-520.3317821,95.6301867
-41.1728575,-517.3331934,96.541995
-41.1655454,-514.3345116,97.4497489
-41.1466852,-511.3360293,98.2958902
-41.1157552,-508.3374507,99.1365499
-41.0723395,-505.3392784,99.8911153
-41.0161775,-502.3410104,100.6394291
-40.9471107,-499.3433697,101.2854312
-40.8651004,-496.3456454,101.9249823
-40.7702263,-493.3487519,102.4531908
-40.6626627,-490.3517913,102.9752429
-40.5427301,-487.3558211,103.3833509
-40.4108315,-484.3598042,103.7860137
-40.2675446,-481.3648625,104.0782106
-40.1135146,-478.3698956,104.3659981
-39.9495722,-475.3759886,104.5528969
-39.776579,-472.3820794,104.7366223
-39.5955601,-469.3891074,104.835355
-39.4075036,-466.3961546,104.9321893
-39.2135065,-463.4039293,104.9664565
-39.0145554,-460.4117483,104.9999564
-38.8116869,-457.4200492,104.9999775
-38.6058146,-454.4284,104.9999982
-38.3978099,-451.436968,104.9999911
-38.1882683,-448.4456606,104.9999841
-37.9776899,-445.454284,104.9999841
-37.7665124,-442.4632198,104.9999841
-37.5550468,-439.471787,104.9999842
-37.3436081,-436.4808553,104.9999843
-37.1323255,-433.4893168,104.9999843
-36.9214154,-430.4984383,104.9999844
-36.7108697,-427.5067735,104.9999844
-36.500841,-424.5159067,104.9999844
-36.2912285,-421.5241178,104.9999844
-36.0821473,-418.5332435,104.9999844
-35.8734345,-415.5413467,104.9999844
-35.6651832,-412.5504608,104.9999844
-35.4571879,-409.5584813,104.9999844
-35.2495249,-406.5675892,104.9999843
-35.041956,-403.5755595,104.9999843
-34.8345395,-400.5846733,104.9999843
-34.6270072,-397.592632,104.9999843
-34.4193945,-394.6017712,104.9999843
-34.2114035,-391.6097668,104.9999843
-34.0030403,-388.6189557,104.9999843
-33.7939781,-385.6270378,104.9999843
-33.5841935,-382.6363162,104.9999843
-33.3733366,-379.6445654,104.9999843
-33.1613486,-376.6539597,104.9999843
-32.9478659,-373.6624095,104.9999842
-32.7328283,-370.6719978,104.9999842
-32.5158546,-367.6808094,104.9999842
-32.2966853,-364.6905891,104.9999842
-32.074874,-361.7001514,104.9999842
-31.8503261,-358.7099507,104.9999842
-31.6230098,-355.7202337,104.9999842
-31.3928825,-352.7301437,104.9999842
-31.1600666,-349.7409052,104.9999843
-30.9244417,-346.751186,104.9999843
-30.6861133,-343.7624122,104.9999843
-30.445026,-340.7730996,104.9999843
-30.2013952,-337.7847789,104.9999843
-29.9552289,-334.7958513,104.9999844
-29.706819,-331.8079284,104.9999844
-29.4562248,-328.8193625,104.9999843
-29.2037913,-325.8317731,104.9999843
-28.9496062,-322.8435113,104.9999843
-28.6940361,-319.856175,104.9999843
-28.4371744,-316.868153,104.9999843
-28.1793802,-313.880987,104.9999843
-27.9207333,-310.8931372,104.9999843
-27.6615621,-307.9060629,104.9999843
-27.4019198,-304.9183247,104.9999843
-27.1420881,-301.9312741,104.9999843
-26.8820883,-298.943599,104.9999843
-26.6221473,-295.956521,104.9999843
-26.3622544,-292.9688719,104.9999843
-26.1025802,-289.9817237,104.9999843
-25.8430896,-286.9940875,104.9999845
-25.5839041,-284.0068708,104.9999866
-25.3249806,-281.0192067,104.9999887
-25.0664349,-278.031827,104.9999906
-24.8083439,-275.0441826,104.9998446
-24.5508073,-272.0565389,104.997565
-24.2937047,-269.0690026,104.9946243
-24.0368594,-266.0812533,104.9815962
-23.7802362,-263.0937384,104.9678329
-23.5237415,-260.1059817,104.942248
-23.2673769,-257.1184176,104.9162338
-23.0110777,-254.1306493,104.8829711
-22.7548498,-251.1430691,104.8496708
-22.4986361,-248.1553031,104.8157046
-22.2424475,-245.1677095,104.7817024
-21.9862382,-242.1799515,104.7470364
-21.7300245,-239.1923516,104.7123349
-21.4737713,-236.204606,104.6769551
-21.2174988,-233.2170023,104.6415402
-20.9611811,-230.2292707,104.6054315
-20.7048402,-227.2416644,104.5692882
-20.4484573,-224.2539466,104.5324353
-20.1920541,-221.2663373,104.4955478
-19.9356165,-218.2786324,104.4579348
-19.6791641,-215.2910191,104.4202873
-19.422686,-212.3033258,104.3818976
-19.1661987,-209.3157073,104.3434736
-18.9096935,-206.3280241,104.3042906
-18.6531834,-203.3403997,104.2650731
-18.3966614,-200.3527266,104.2250795
-18.1401364,-197.3650948,104.1850513
-17.8836029,-194.3774293,104.1442294
-17.6270679,-191.3897917,104.1033728
-17.3705255,-188.4021374,104.0617043
-17.1139605,-185.4144928,104.0200009
-16.857358,-182.4268618,103.9774672
-16.6007189,-179.4392049,103.9348985
-16.3440579,-176.451588,103.8914806
-16.0873797,-173.4639242,103.8480277
-15.8307023,-170.4763071,103.8037054
-15.5740188,-167.4886453,103.7593482
-15.3173357,-164.5010274,103.714101
-15.060646,-161.5133676,103.6688189
-14.8039572,-158.5257493,103.6226257
-14.5472623,-155.5380907,103.5763977
-14.2905682,-152.5504717,103.5292368
-14.0338684,-149.5628148,103.4820415
-13.7771694,-146.5751951,103.4338907
-13.5204651,-143.5875396,103.3857058
-13.2637617,-140.5999192,103.3365423
-13.0070533,-137.6122652,103.2873451
-12.7503457,-134.6246441,103.2371455
-12.4936335,-131.6369914,103.1869127
-12.2369222,-128.6493695,103.1356529
-11.9802065,-125.6617183,103.0843605
-11.7234916,-122.6740955,103.0320158
-11.4667726,-119.6864458,102.9796392
-11.2100543,-116.6988221,102.9261842
-10.9533323,-113.7111738,102.872698
-10.6966107,-110.7235493,102.8181066
-10.4398857,-107.7359024,102.7634849
-10.1831611,-104.7482769,102.7077302
-9.9264333,-101.7606315,102.6519462
-9.6697056,-98.773005,102.5950007
-9.4129751,-95.7853611,102.5380269
-9.1562446,-92.7977336,102.4798622
-8.8995114,-89.8100911,102.4216703
-8.6427781,-86.8224627,102.3622573
-8.3860424,-83.8348217,102.3028182
-8.1293064,-80.8471922,102.2421269
-7.8725682,-77.8595527,102.1814108
-7.6158295,-74.8719222,102.1194102
-7.3590889,-71.8842841,102.0573862
-7.1023475,-68.8966525,101.9940447
-6.8456045,-65.909016,101.9306812
-6.5888605,-62.9213833,101.8659659
-6.332115,-59.9337483,101.8012303
-6.0753684,-56.9461146,101.7351077
-5.8186206,-53.9584811,101.6689663
-5.5618713,-50.9708463,101.6014016
-5.3051211,-47.9832143,101.53382
-5.0483692,-44.9955784,101.4647776
-4.7916165,-42.0079479,101.3957201
-4.5348619,-39.0203109,101.3251631
-4.2781067,-36.032682,101.2545929
-4.0213493,-33.0450439,101.1824835
-3.7645916,-30.0574166,101.1103629
-3.5078314,-27.0697774,101.036662
-3.2510709,-24.0821516,100.9629519
-2.9943078,-21.0945114,100.8876191
-2.7375446,-18.1068872,100.8122793
-2.4807784,-15.1192458,100.7352731
-2.2240123,-12.1316232,100.6582622
-1.9672429,-9.1439809,100.5795397
-1.7104734,-6.1563599,100.5008148
-1.4536992,-3.1687162,100.4203318
-1.1969224,-0.1810976,100.3398488